{"cameraMode":{"drawMode":0,"name":"Shaded","section":"Shading Mode"},"sceneLighting":false,"audioPlay":false,"sceneViewState":{"m_AlwaysRefresh":false,"showFog":true,"showSkybox":false,"showFlares":true,"showImageEffects":true,"showParticleSystems":true,"showVisualEffectGraphs":true,"m_FxEnabled":true},"in2DMode":false,"pivot":{"x":-0.23396539688110352,"y":-0.6999999284744263,"z":0.2019948959350586},"rotation":{"x":0.3373895287513733,"y":0.0045883008278906349,"z":-0.0014121000422164798,"w":0.9414641857147217},"size":9.768572807312012,"orthographic":false}