{"cameraMode":{"drawMode":0,"name":"Shaded","section":"Shading Mode"},"sceneLighting":false,"audioPlay":false,"sceneViewState":{"m_AlwaysRefresh":false,"showFog":true,"showSkybox":false,"showFlares":true,"showImageEffects":true,"showParticleSystems":true,"showVisualEffectGraphs":true,"m_FxEnabled":true},"in2DMode":false,"pivot":{"x":-0.004302620887756348,"y":1.5529003143310547,"z":-0.011596202850341797},"rotation":{"x":-0.10822217166423798,"y":0.8593820929527283,"z":-0.20379644632339478,"w":-0.4566725492477417},"size":1.995596170425415,"orthographic":false}