{"cameraMode":{"drawMode":0,"name":"Shaded","section":"Shading Mode"},"sceneLighting":false,"audioPlay":false,"sceneViewState":{"m_AlwaysRefresh":false,"showFog":true,"showSkybox":false,"showFlares":true,"showImageEffects":true,"showParticleSystems":true,"showVisualEffectGraphs":true,"m_FxEnabled":true},"in2DMode":false,"pivot":{"x":-0.23396539688110352,"y":-0.6999999284744263,"z":0.2019948959350586},"rotation":{"x":0.00864026416093111,"y":0.9692729711532593,"z":-0.24398864805698396,"w":0.033399008214473727},"size":7.501245021820068,"orthographic":false}