{"cameraMode":{"drawMode":0,"name":"Shaded","section":"Shading Mode"},"sceneLighting":false,"audioPlay":false,"sceneViewState":{"m_AlwaysRefresh":false,"showFog":true,"showSkybox":false,"showFlares":true,"showImageEffects":true,"showParticleSystems":true,"showVisualEffectGraphs":true,"m_FxEnabled":true},"in2DMode":false,"pivot":{"x":0.000431060791015625,"y":-0.31249991059303286,"z":0.00096893310546875},"rotation":{"x":0.5261198282241821,"y":-0.014775642193853855,"z":0.00919882021844387,"w":0.8502646684646606},"size":7.077969074249268,"orthographic":false}