{"cameraMode":{"drawMode":0,"name":"Shaded","section":"Shading Mode"},"sceneLighting":false,"audioPlay":false,"sceneViewState":{"m_AlwaysRefresh":false,"showFog":true,"showSkybox":false,"showFlares":true,"showImageEffects":true,"showParticleSystems":true,"showVisualEffectGraphs":true,"m_FxEnabled":true},"in2DMode":false,"pivot":{"x":25.294652938842775,"y":8.016016960144043,"z":0.24181199073791505},"rotation":{"x":0.2372317761182785,"y":-0.09124220162630081,"z":0.023184839636087419,"w":0.9671644568443298},"size":6.127459526062012,"orthographic":false}